"","iso3c","whoc.region","who.region","Income.group","wb.region","sc1_ecoli_MAD","sc1_ecoli_MPD","sc2_ecoli_MAD","sc2_ecoli_MPD","sc1_saureus_MAD","sc1_saureus_MPD","sc2_saureus_MAD","sc2_saureus_MPD","sc1_ecoli_TAD","sc1_ecoli_TPD","sc2_ecoli_TAD","sc2_ecoli_TPD","sc1_saureus_TAD","sc1_saureus_TPD","sc2_saureus_TAD","sc2_saureus_TPD"
"1","AFG","EMRO D","EMRO","Low income","South Asia",648496.275953293,1.92059322021759e-05,1965140.27786827,5.81997959623443e-05,381907.747304916,1.13106189895785e-05,1273025.84527206,3.77020639170979e-05,10760116.6666298,1.92126224484523e-05,32606415.0526657,5.82200696528891e-05,6336770.06720734,1.13145586256957e-05,21122567.2903938,3.77151961326711e-05
"2","AGO","AFRO D","AFRO","Lower middle income","Sub-Saharan Africa",3702813.15722656,2.06380349880219e-05,11220645.6968384,6.25394986664078e-05,2180621.45597839,1.21539327589337e-05,7268738.08335876,4.05131086244172e-05,68692316.5088806,2.07102485819772e-05,208158527.955704,6.27583269500563e-05,40453539.9664612,1.2196456769922e-05,134845130.175674,4.06548549814338e-05
"3","ALB","EURO B","EURO","Upper middle income","Europe & Central Asia",452487.636255264,1.77451307753566e-05,1371174.65482712,5.37731235426197e-05,266477.574508667,1.04504057900407e-05,888258.581480026,3.48346859584479e-05,7302056.89067078,1.77004720724461e-05,22127444.9824677,5.36377938176782e-05,4300305.02220917,1.04241079038787e-05,14334350.0122261,3.47470261964458e-05
"4","ARE","EMRO E","EMRO","High income","Middle East & North Africa",5949154.92428589,1.41055347662382e-05,18027735.9173279,4.27440295850035e-05,3503640.45510864,8.30717960950589e-06,11678798.7651978,2.76905920525501e-05,95310639.8139038,1.41194521061227e-05,288820023.014038,4.27862040397411e-05,56131336.0979614,8.31537500152449e-06,187104410.85907,2.77179103311774e-05
"5","ARG","AMRO B","PAHO","Upper middle income","Latin America & Caribbean",8836772.40048218,1.7896818034274e-05,26778098.1749268,5.42327819051424e-05,5204119.84176636,1.05397289447535e-05,17347066.1349487,3.51324298071977e-05,141681091.885681,1.79026564402387e-05,429336641.840027,5.42504740312821e-05,83438310.5932007,1.05431669718447e-05,278127701.86499,3.51438898919531e-05
"6","ARM","EURO B","EURO","Upper middle income","Europe & Central Asia",371754.541448593,1.69584580296142e-05,1126528.89176369,5.13892661613974e-05,218933.511520386,9.98716261532602e-06,729778.362165451,3.32905417891241e-05,6205178.00959015,1.69801720953774e-05,18803569.5101929,5.14550663650589e-05,3654348.4250946,9.99994924540063e-06,12181161.3215485,3.33331638901861e-05
"7","ATG","AMRO B","PAHO","High income","Latin America & Caribbean",75675.9011206627,1.66910393623043e-05,229320.894132614,5.0578903460577e-05,44567.0666341782,9.82968953246433e-06,148556.880733013,3.27656301537612e-05,1212947.51021385,1.67059523163134e-05,3675598.22428417,5.06240939131748e-05,714329.178940773,9.83847124549674e-06,2381097.13533783,3.27949023914901e-05
"8","AUS","WPRO A","WPRO","High income","East Asia & Pacific",25750073.7540283,1.74784960827973e-05,78030525.746582,5.29651391151979e-05,15164672.0767822,1.02933942608376e-05,50548906.5760498,3.43113139677055e-05,414292448.777344,1.75115659186466e-05,1255431651.60815,5.30653507887298e-05,243984079.596924,1.0312867892164e-05,813280260.268799,3.43762260935759e-05
"9","AUT","EURO A","EURO","High income","Europe & Central Asia",7072805.25100708,1.69189727509838e-05,21432742.4107971,5.12696125437801e-05,4165312.19009399,9.96391120865491e-06,13884373.6283264,3.32130365514423e-05,113400158.479858,1.69457770688941e-05,343636827.815308,5.13508372023523e-05,66783543.0026855,9.97969532639958e-06,222611802.969238,3.32656500360299e-05
"10","AZE","EURO B","EURO","Upper middle income","Europe & Central Asia",1311804.86885834,1.7055769832263e-05,3975166.23601532,5.16841505750265e-05,772546.742530823,1.0044466018499e-05,2575155.79383087,3.34815532053246e-05,21204353.8437576,1.70170870333322e-05,64255616.9162292,5.15669297683327e-05,12487648.4105072,1.00216871218555e-05,41625494.3543243,3.34056234607472e-05
"11","BDI","AFRO E","AFRO","Low income","Sub-Saharan Africa",83684.3215806484,2.02277168557152e-05,253588.851044416,6.12961111469981e-05,49282.5604112148,1.19123111834483e-05,164275.200398684,3.97077037107877e-05,1364958.74254274,2.02714621610355e-05,4136238.54023886,6.14286721232844e-05,803838.153153419,1.19380712378828e-05,2679460.47824335,3.97935703137191e-05
"12","BEL","EURO A","EURO","High income","Europe & Central Asia",8619954.24575806,1.76125731205781e-05,26121073.1790771,5.33714330998999e-05,5076439.38793945,1.03723473924966e-05,16921464.4981689,3.45744910460402e-05,138252113.109863,1.76295924767833e-05,418945791.724731,5.34230067941247e-05,81419041.409668,1.03823694814859e-05,271396802.263306,3.46078979610392e-05
"13","BEN","AFRO D","AFRO","Low income","Sub-Saharan Africa",470812.595294952,1.97818728232467e-05,1426704.82415962,5.99450687396402e-05,277266.887512207,1.16497697130982e-05,924222.954008102,3.88325655274488e-05,7749177.15405655,1.97901346915814e-05,23482354.784153,5.99701045433731e-05,4563578.33914375,1.16546348356433e-05,15211927.6981258,3.88487825325966e-05
"14","BFA","AFRO D","AFRO","Low income","Sub-Saharan Africa",373274.163986206,2.01838304755229e-05,1131133.81417274,6.11631217838522e-05,219825.044752121,1.18864680914108e-05,732750.14209938,3.96215599224806e-05,5941431.12080193,2.01703544345909e-05,18004336.4255581,6.1122285132897e-05,3498970.88582993,1.1878532543516e-05,11663236.1524677,3.95951080247239e-05
"15","BGD","SEARO D","SEARO","Lower middle income","South Asia",13665875.0795898,1.72559284511107e-05,41411745.4658813,5.22906958085755e-05,8048083.89727783,1.01623320517586e-05,26826947.5515747,3.38744417206634e-05,224792061.575806,1.73569584198121e-05,681188109.328735,5.25968470897366e-05,132384087.718506,1.02218249606648e-05,441280311.658203,3.40727513562585e-05
"16","BGR","EURO B","EURO","Upper middle income","Europe & Central Asia",1193272.76154327,1.77313690433598e-05,3615978.05602646,5.37314212059587e-05,702738.436222076,1.0442302008027e-05,2342461.44987869,3.48076732977501e-05,19032210.8804016,1.77299173840218e-05,57673366.1289978,5.37270222125657e-05,11208389.7686996,1.0441447178982e-05,37361299.1511078,3.48048238573787e-05
"17","BHR","EMRO E","EMRO","High income","Middle East & North Africa",569643.251899719,1.50653248922372e-05,1726191.66651154,4.56524995131131e-05,335477.840805054,8.87236479618319e-06,1118259.46678543,2.95745492504912e-05,9044126.8073349,1.50741420758511e-05,27406444.7118073,4.56792181468186e-05,5326323.05931091,8.87755692156136e-06,17754410.1282806,2.95918562894959e-05
"18","BHS","AMRO B","PAHO","High income","Latin America & Caribbean",313856.741535187,1.6130886002421e-05,951080.917152405,4.88814658548806e-05,184837.177232742,9.49983555405796e-06,616123.872470856,3.16661154968827e-05,5051695.03539276,1.62039051999032e-05,15308164.8480797,4.91027368526587e-05,2975053.60759354,9.5428338972025e-06,9916844.51433945,3.18094436157987e-05
"19","BIH","EURO B","EURO","Upper middle income","Europe & Central Asia",483245.965806961,1.75679294609887e-05,1464381.71112061,5.3236149756676e-05,284591.929714203,1.03460583336103e-05,948639.764194489,3.44868610568635e-05,7830441.98916626,1.76156203570371e-05,23728611.918232,5.33806673658208e-05,4611481.95981598,1.03741417917193e-05,15371606.4580269,3.45804724710326e-05
"20","BLR","EURO C","EURO","Upper middle income","Europe & Central Asia",1481363.42940521,1.78645645200872e-05,4488980.09344482,5.41350440528821e-05,872399.298973083,1.05207360105591e-05,2907997.66512299,3.50691200579911e-05,23835834.3406372,1.77706289777559e-05,72229800.624649,5.38503905378127e-05,14037321.7040558,1.04654207727434e-05,46791072.1679688,3.48847357757792e-05
"21","BLZ","AMRO B","PAHO","Upper middle income","Latin America & Caribbean",80398.6524157524,1.72537765411799e-05,243632.278586388,5.22841710241508e-05,47348.2389955521,1.01610650207921e-05,157827.462676525,3.38702165985822e-05,1310991.13821268,1.72875832762277e-05,3972700.37734413,5.23866154415579e-05,772066.554311752,1.01809725965435e-05,2573555.1628437,3.39365750818742e-05
"22","BOL","AMRO D","PAHO","Lower middle income","Latin America & Caribbean",1056530.80730438,1.85041769180379e-05,3201608.47438431,5.60732628180109e-05,622206.46018219,1.08973807007713e-05,2074021.51939774,3.63246020816263e-05,17063438.8010559,1.84874176014917e-05,51707389.7446518,5.60224769718347e-05,10048909.7155457,1.08875117446715e-05,33496365.4702911,3.62917055466649e-05
"23","BRA","AMRO B","PAHO","Upper middle income","Latin America & Caribbean",29639375.0144043,1.66938339546799e-05,89816287.6022949,5.05873754398477e-05,17455224.8763428,9.83133502793429e-06,58184082.7838135,3.27711166823972e-05,474403009.583496,1.66971770896091e-05,1437584870.27271,5.05975060768695e-05,279385481.521729,9.83330368272669e-06,931284935.252441,3.27776788314375e-05
"24","BRB","AMRO B","PAHO","High income","Latin America & Caribbean",82367.185063839,1.71398977423606e-05,249597.527316093,5.19390834053923e-05,48507.5737094879,1.00940059189657e-05,161691.910962105,3.36466861043831e-05,1320024.11402225,1.7153853026395e-05,4000073.00559902,5.19813719340426e-05,777386.797952652,1.01022236905248e-05,2591289.29693699,3.36740785841267e-05
"25","BRN","WPRO A","WPRO","High income","East Asia & Pacific",275241.424432755,1.59257471221464e-05,834064.791526794,4.82598328431386e-05,162096.004747391,9.37903667011365e-06,540319.958398819,3.12634525330583e-05,4408584.5380764,1.59454652231937e-05,13359345.0432053,4.83195842001528e-05,2596315.93365288,9.39064796669396e-06,8654385.55037498,3.13021566513562e-05
"26","BTN","SEARO D","SEARO","Lower middle income","South Asia",51647.1875712872,1.71002187451424e-05,156506.640770674,5.18188485736077e-05,30415.9993562698,1.00706402096857e-05,101386.669678211,3.35688024045127e-05,847273.001997471,1.71662505856738e-05,2567494.14314795,5.20189451742485e-05,498974.815909863,1.01095239735666e-05,1663249.47303295,3.36984150011411e-05
"27","BWA","AFRO E","AFRO","Upper middle income","Sub-Saharan Africa",378776.370317459,1.88849140189075e-05,1147807.13977051,5.72270100357215e-05,223066.563707352,1.11215831043853e-05,743555.193473816,3.70719427404634e-05,6030112.00135803,1.88929267537198e-05,18273065.726635,5.72512902349863e-05,3551214.97906876,1.11263015464968e-05,11837382.8495674,3.70876705245691e-05
"28","CAF","AFRO E","AFRO","Low income","Sub-Saharan Africa",59185.7369756699,2.08267494004357e-05,179350.702852726,6.31113564595026e-05,34855.0126876831,1.22650600261796e-05,116183.368943453,4.0883531072822e-05,944196.357597828,2.08104814644411e-05,2861200.8049984,6.30620589026089e-05,556045.76124382,1.22554804566132e-05,1853485.74871016,4.08515988308522e-05
"29","CAN","AMRO A","PAHO","High income","North America",30608056.0361328,1.70518652972912e-05,92751682.7214355,5.16723178369617e-05,18025664.5919189,1.00421668104439e-05,60085547.6591797,3.34738888219867e-05,494282563.163574,1.71015413895791e-05,1497825914.23779,5.18228514936403e-05,291092294.943359,1.00714192673513e-05,970307634.575684,3.35713970307086e-05
"30","CHE","EURO A","EURO","High income","Europe & Central Asia",11587619.166748,1.71127577406956e-05,35113996.6695557,5.1856840448518e-05,6824166.37835693,1.00780241719135e-05,22747220.9072876,3.35934133835244e-05,185572917.397949,1.71339972570839e-05,562342157.870361,5.1921202326261e-05,109287361.029785,1.00905313683395e-05,364291196.378906,3.36351039098606e-05
"31","CHL","AMRO B","PAHO","High income","Latin America & Caribbean",4531033.33665466,1.66730139374084e-05,13730403.8057556,5.05242837581149e-05,2668417.11169434,9.81907489951851e-06,8894723.59870911,3.27302492714615e-05,72568273.2412109,1.66963872688693e-05,219903853.710541,5.0595111878491e-05,42736917.1563416,9.83283861734005e-06,142456388.5112,3.27761282620235e-05
"32","CHN","WPRO B","WPRO","Upper middle income","East Asia & Pacific",157020352.552734,1.63855345440166e-05,475819243.296875,4.96531342669733e-05,92472614.4179688,9.64978864964901e-06,308242045.067383,3.21659618537709e-05,2508515896.78516,1.63280484924865e-05,7601563107.93164,4.94789334219772e-05,1477318699.5918,9.61593721479129e-06,4924395571.10547,3.20531234361487e-05
"33","CIV","AFRO E","AFRO","Lower middle income","Sub-Saharan Africa",1893049.52614594,1.9711506576809e-05,5736513.66509247,5.97318375878264e-05,1114838.69742584,1.16083335736255e-05,3716128.96955109,3.86944450186339e-05,31785105.2582245,1.97802354773713e-05,96318499.1516113,5.99401064922661e-05,18718609.8662415,1.16488055633384e-05,62395365.5084763,3.88293514345044e-05
"34","CMR","AFRO D","AFRO","Lower middle income","Sub-Saharan Africa",1130284.48704529,1.99057314483e-05,3425104.43793106,6.0320397128758e-05,665637.04624939,1.17227056195929e-05,2218790.1244278,3.9075684876169e-05,18339764.1666565,1.99124523220134e-05,55575041.4763107,6.03407630346155e-05,10800489.8732834,1.17266633148507e-05,36001632.276001,3.9088877026777e-05
"35","COD","AFRO E","AFRO","Low income","Sub-Saharan Africa",2432880.84738922,2.0395107244457e-05,7372365.86012268,6.18033524069268e-05,1432747.71968842,1.20108814362815e-05,4775825.58153534,4.00362701927174e-05,40798196.4322205,2.039669043847e-05,123630891.236526,6.18081493227994e-05,24026463.4233093,1.20118137474684e-05,80088208.3245392,4.00393776151642e-05
"36","COG","AFRO E","AFRO","Lower middle income","Sub-Saharan Africa",306789.580447197,1.93206985419935e-05,929665.376712799,5.85475715813476e-05,180672.234330177,1.13782007925977e-05,602240.772945404,3.79273360816364e-05,5126650.9022522,1.93786306386908e-05,15535305.2216511,5.87231210959665e-05,3019148.05567551,1.14123150044709e-05,10063826.6143436,3.80410491156158e-05
"37","COL","AMRO B","PAHO","Upper middle income","Latin America & Caribbean",6644227.70770264,1.69417238378095e-05,20134023.3267212,5.13385570081225e-05,3912914.04754639,9.97730843290398e-06,13043046.8120728,3.32576947430832e-05,106556774.483521,1.69324180152442e-05,322899315.602234,5.13103574607437e-05,62753346.125061,9.97182857303145e-06,209177819.975586,3.32394285066492e-05
"38","COM",NA,"AFRO","Lower middle income","Sub-Saharan Africa",70376.2592847347,1.90143237507835e-05,213261.389883757,5.76191623750341e-05,41445.5136225224,1.11977877615149e-05,138151.711244583,3.73259589824365e-05,1165587.48250484,1.90430799430063e-05,3532083.21790504,5.7706301837912e-05,686429.861456394,1.12147212656142e-05,2288099.51081944,3.73824037715735e-05
"39","CPV","AFRO D","AFRO","Lower middle income","Sub-Saharan Africa",29990.170974493,1.74381519952209e-05,90879.3113466501,5.28428879493236e-05,17661.7434562445,1.02696369389456e-05,58872.480537653,3.42321244949325e-05,493039.264311314,1.74995559452428e-05,1494058.46368384,5.30289604971305e-05,290359.472697496,1.03057955106243e-05,967864.947119951,3.43526530553773e-05
"40","CRI","AMRO B","PAHO","Upper middle income","Latin America & Caribbean",1193027.16923523,1.67641401567018e-05,3615233.82135773,5.08004243690553e-05,702597.447120667,9.87273582160451e-06,2341991.47943115,3.29091192513623e-05,19231515.2989578,1.67713628553414e-05,58277318.576973,5.08223112374151e-05,11325821.6955032,9.87698901190988e-06,37752738.7595673,3.29232965097621e-05
"41","CUB","AMRO A","PAHO","Upper middle income","Latin America & Caribbean",2037186.52841187,1.74566516061068e-05,6173292.4879303,5.28989440690474e-05,1199735.16820526,1.02805308221765e-05,3999117.21749878,3.42684359895559e-05,33259476.868515,1.76029915171378e-05,100786292.758636,5.33423981227295e-05,19587079.2168274,1.03667051247494e-05,65290263.7128143,3.4555683567481e-05
"42","CYP","EMRO E","EURO","High income","Europe & Central Asia",387975.6537323,1.67189338433417e-05,1175683.79126549,5.06634355473823e-05,228486.643634796,9.84611545312958e-06,761622.142011642,3.2820384695585e-05,6216161.86439896,1.67282199438368e-05,18836853.9896774,5.06915751975406e-05,3660822.199543,9.85158370472338e-06,12202740.6021652,3.28386121795985e-05
"43","CZE","EURO A","EURO","High income","Europe & Central Asia",4539474.75370789,1.76017594083992e-05,13755984.0337677,5.33386645918344e-05,2673374.95246887,1.03659795758155e-05,8911249.81098938,3.45532651263806e-05,72937371.5201721,1.76146792658891e-05,221022336.911652,5.33778157089098e-05,42954072.6931152,1.03735876119919e-05,143180241.855286,3.45786252633983e-05
"44","DEU","EURO A","EURO","High income","Europe & Central Asia",65033283.5058594,1.73073827111145e-05,197070549.785645,5.24466126006654e-05,38299281.0112305,1.01926318129807e-05,127664267.289062,3.39754386448446e-05,1041716458.37256,1.73277060543746e-05,3156716410.50244,5.25081980020367e-05,613485664.715332,1.02045995158483e-05,2044952158.86328,3.40153307737881e-05
"45","DJI","EMRO D","EMRO","Lower middle income","Middle East & North Africa",69973.634875536,1.76370031961295e-05,212041.328369856,5.34454668907163e-05,41208.6719615459,1.03867332546258e-05,137362.244502068,3.46224453478551e-05,1148419.17728281,1.76546435131168e-05,3480058.29103136,5.34989224739279e-05,676323.661447525,1.03971209977466e-05,2254412.28286171,3.46570711921453e-05
"46","DNK","EURO A","EURO","High income","Europe & Central Asia",6230591.84646606,1.77278096870988e-05,18880581.2269592,5.37206350569289e-05,3669300.59439087,1.04402060406758e-05,12231001.9250488,3.4800686642147e-05,99072847.0004883,1.77074483939791e-05,300220744.688721,5.3658933848457e-05,58345676.2070312,1.04282160221229e-05,194485585.680786,3.47607197741915e-05
"47","DOM","AMRO B","PAHO","Upper middle income","Latin America & Caribbean",2287682.31181335,1.77438957499578e-05,6932370.64000702,5.37693810461554e-05,1347254.57476807,1.04496785270488e-05,4490848.58204651,3.48322617528438e-05,37257418.2144318,1.77532982830777e-05,112901267.260971,5.37978735586434e-05,21941518.9346313,1.04552153396239e-05,73138396.4308319,3.48507177901981e-05
"48","DZA","AFRO D","AFRO","Upper middle income","Middle East & North Africa",9156792.10839844,1.79673674479953e-05,27747854.9317932,5.4446568138797e-05,5392582.80444336,1.05812729432838e-05,17975276.0400085,3.52709098608404e-05,148018448.181091,1.78916693122891e-05,448540749.841003,5.42171794655162e-05,87170488.1286011,1.05366970573807e-05,290568292.785156,3.51223234065262e-05
"49","ECU","AMRO D","PAHO","Upper middle income","Latin America & Caribbean",2269378.91873169,1.772141502378e-05,6876905.81445312,5.37012576468317e-05,1336475.56932068,1.04364404393448e-05,4454918.5643692,3.47881347964508e-05,36513483.1560974,1.77225568567949e-05,110646918.652359,5.37047177466587e-05,21503406.4421997,1.04371128237053e-05,71678021.4711761,3.47903760776476e-05
"50","EGY","EMRO D","EMRO","Lower middle income","Middle East & North Africa",8324727.78210449,1.85823706280837e-05,25226447.768158,5.63102139004023e-05,4902552.26119995,1.09434261391561e-05,16341840.8431702,3.64780870699637e-05,135227649.223877,1.86833388854757e-05,409780749.828613,5.66161776954155e-05,79637476.7355347,1.10028827268223e-05,265458253.390259,3.66762754251959e-05
"51","ESP","EURO A","EURO","High income","Europe & Central Asia",21192385.4829102,1.72987909738733e-05,64219349.3487549,5.24205782183743e-05,12480580.9562988,1.01875724030852e-05,41601936.2591553,3.39585744627726e-05,336583464.915161,1.72663635256543e-05,1019949873.62524,5.23223126851985e-05,198220154.467529,1.01684770700497e-05,660733839.441895,3.38949231162637e-05
"52","EST","EURO C","EURO","High income","Europe & Central Asia",564381.01758194,1.77749047987767e-05,1710245.49389839,5.38633475632565e-05,332373.495538712,1.04679386498017e-05,1107911.64571381,3.48931286961283e-05,9115303.63079071,1.77751535601359e-05,27622132.0508347,5.38641013781948e-05,5368154.71833801,1.04680851365945e-05,17893848.9896011,3.48936169825044e-05
"53","ETH","AFRO E","AFRO","Low income","Sub-Saharan Africa",3382650.80192566,1.93647411042662e-05,10250457.1216888,5.86810344852727e-05,1992084.94697571,1.14041358448678e-05,6640283.22073364,3.80137865164678e-05,56233876.2586517,1.93583711156277e-05,170405687.91684,5.86617314398718e-05,33116827.0188904,1.14003847903886e-05,110389424.398926,3.80012829797795e-05
"54","FIN","EURO A","EURO","High income","Europe & Central Asia",4680192.60176086,1.80937490736708e-05,14182401.7677917,5.48295424320194e-05,2756239.32466125,1.06556945350817e-05,9187464.39187622,3.55189816921182e-05,74830884.4971008,1.80997636910579e-05,226760255.053955,5.48477685194223e-05,44069088.1958923,1.06592363271738e-05,146896960.22876,3.55307876546388e-05
"55","FJI","WPRO B","WPRO","Upper middle income","East Asia & Pacific",192401.589136124,1.76272322347456e-05,583035.117609024,5.34158551672418e-05,113308.598004341,1.03809795961062e-05,377695.326243401,3.46032652805595e-05,3127904.92097282,1.76208138007095e-05,9478499.69147491,5.33964050677144e-05,1842076.95438576,1.0377200023623e-05,6140256.48427582,3.45906665744728e-05
"56","FRA","EURO A","EURO","High income","Europe & Central Asia",48081550.3361816,1.80808500608062e-05,145701666.902588,5.47904544353e-05,28315986.0014648,1.06480987752859e-05,94386619.6630859,3.54936624557357e-05,767068743.59668,1.80786536886566e-05,2324450720.83691,5.4783798647979e-05,451738928.918457,1.0646805415781e-05,1505796422.12744,3.54893512067984e-05
"57","FSM","WPRO B","WPRO","Lower middle income","East Asia & Pacific",8233.15799236298,1.8190018894377e-05,24948.9642387331,5.51212707598549e-05,4848.63443574309,1.07123842972965e-05,16162.1150598228,3.57079482634877e-05,135145.073108017,1.82374581322327e-05,409530.531228364,5.52650255416911e-05,79589.0119782686,1.07403195718374e-05,265296.709512353,3.5801065633251e-05
"58","GAB","AFRO D","AFRO","Upper middle income","Sub-Saharan Africa",504952.007394791,1.89714283390936e-05,1530157.58891678,5.74891764408925e-05,297372.997333527,1.11725281933413e-05,991243.320465088,3.72417604963717e-05,8656543.0424881,1.9123170207308e-05,26231947.9469261,5.7948999155456e-05,5097950.7387085,1.12618835493913e-05,16993168.8380089,3.75396111884131e-05
"59","GBR","EURO A","EURO","High income","Europe & Central Asia",49317645.998291,1.77269847750133e-05,149447411.387451,5.37181354199371e-05,29043993.3991699,1.04397202746311e-05,96813311.010498,3.47990674670405e-05,788136942.047852,1.77259425287108e-05,2388293747.38037,5.37149769908559e-05,464147138.632812,1.04391065376191e-05,1547157121.58447,3.47970216303184e-05
"60","GEO","EURO B","EURO","Upper middle income","Europe & Central Asia",553259.870439529,1.79815174838717e-05,1676545.06569099,5.44894470431291e-05,325823.652477264,1.05896053884114e-05,1086078.84324265,3.52986846818663e-05,8936448.13895798,1.79431999170275e-05,27080145.7618637,5.43733328534734e-05,5262819.30796051,1.05670415697101e-05,17542730.9765892,3.52234717987492e-05
"61","GHA","AFRO D","AFRO","Lower middle income","Sub-Saharan Africa",2472766.2019577,1.87766114363708e-05,7493230.91968536,5.68988225729324e-05,1456246.39331818,1.10578075344298e-05,4854154.64638519,3.68593584645704e-05,40993494.4183655,1.8825044962559e-05,124222709.229752,5.7045590277205e-05,24141633.5894623,1.10863283123199e-05,80472111.4700775,3.69544274805122e-05
"62","GIN","AFRO D","AFRO","Low income","Sub-Saharan Africa",303430.706822395,1.98206504988253e-05,919486.977958679,6.00625764604772e-05,178693.763503075,1.16726045031442e-05,595645.872913361,3.89086813233476e-05,5071701.0041256,1.98314698370281e-05,15368790.6205597,6.0095361965404e-05,2986781.76381683,1.16789756357357e-05,9955939.08083344,3.89299182700693e-05
"63","GMB","AFRO D","AFRO","Low income","Sub-Saharan Africa",45932.9173893929,2.00145467186236e-05,139190.655287027,6.06501400633608e-05,27050.3917953968,1.17867830189528e-05,90167.9711318016,3.92892760691282e-05,767332.342993975,2.00060442893685e-05,2325249.4504621,6.06243747113104e-05,451890.331375599,1.17817762615913e-05,1506301.0722611,3.92725866958736e-05
"64","GNB","AFRO D","AFRO","Low income","Sub-Saharan Africa",41577.5882220268,1.95979678387607e-05,125992.691509008,5.93877811228005e-05,24485.5318449736,1.15414746954236e-05,81618.4394513369,3.84715822273234e-05,691577.687272787,1.95925112087503e-05,2095689.95714784,5.93712459657314e-05,407278.276076078,1.15382614794418e-05,1357594.25171375,3.8460871545072e-05
"65","GNQ","AFRO D","AFRO","Upper middle income","Sub-Saharan Africa",249521.305405617,1.81322006390087e-05,756125.170810699,5.49460627558059e-05,146947.009367943,1.06783372585663e-05,489823.365831375,3.55944576216279e-05,4083515.09960938,1.8127133545652e-05,12374288.1319485,5.49307074979749e-05,2404846.13216209,1.06753534469891e-05,8016153.75248528,3.55845113950185e-05
"66","GRC","EURO A","EURO","High income","Europe & Central Asia",2740734.91645813,1.76651360970905e-05,8305257.28973389,5.35307152331783e-05,1614065.51605225,1.04032998171401e-05,5380218.37272644,3.46776659658611e-05,43994629.2793732,1.76276526486416e-05,133317057.050262,5.34171286885463e-05,25909192.2421417,1.03812271800523e-05,86363973.5437622,3.46040903610861e-05
"67","GRD","AMRO B","PAHO","Upper middle income","Latin America & Caribbean",21001.1921436787,1.74303094729633e-05,63639.9759577513,5.28191194292563e-05,12367.9738157988,1.02650188899227e-05,41226.579282403,3.42167295521117e-05,339984.264759302,1.74057559136621e-05,1030255.33873844,5.27447144282518e-05,200222.799217939,1.02505601957929e-05,667409.326769829,3.41685337834134e-05
"68","GTM","AMRO D","PAHO","Upper middle income","Latin America & Caribbean",1828144.84566498,1.88537862446697e-05,5539832.72698975,5.71326841616237e-05,1076619.5473175,1.11032530519389e-05,3588731.7636795,3.70108428810937e-05,29446598.3323822,1.88538856884868e-05,89232113.4587708,5.71329852060929e-05,17341505.2422638,1.1103311622395e-05,57805016.2929993,3.70110379850167e-05
"69","GUY","AMRO B","PAHO","Upper middle income","Latin America & Caribbean",169008.386237144,1.77479661259306e-05,512146.624791145,5.37817155158265e-05,99531.8780555725,1.04520754258437e-05,331772.92677021,3.48402514111367e-05,2741777.60110855,1.77489050245052e-05,8308416.92172623,5.37845603480341e-05,1614678.88669586,1.04526283216594e-05,5382262.93308067,3.48420942594102e-05
"70","HND","AMRO B","PAHO","Lower middle income","Latin America & Caribbean",530832.554367065,1.81838005314404e-05,1608583.47560692,5.5102425083185e-05,312615.537532806,1.07087226124395e-05,1042051.78189659,3.56957417031394e-05,8441347.14883423,1.81516428334754e-05,25579839.5087051,5.50049775602183e-05,4971241.24051285,1.06897861023633e-05,16570803.9874687,3.56326200238788e-05
"71","HRV","EURO A","EURO","High income","Europe & Central Asia",947623.422286987,1.74944604283662e-05,2871586.09515762,5.30135158402035e-05,558072.081027985,1.03027950902557e-05,1860240.25554657,3.43426500320996e-05,15209883.477623,1.75126054586565e-05,46090555.4094849,5.30685007182447e-05,8957366.74481201,1.03134800461271e-05,29857888.8932114,3.43782665254797e-05
"72","HTI","AMRO D","PAHO","Low income","Latin America & Caribbean",186924.192993164,1.84066611873022e-05,566436.992046356,5.57777654616416e-05,110082.442119598,1.08399570125423e-05,366941.492841721,3.61331919219824e-05,3083994.50048161,1.84312942309563e-05,9345438.59610939,5.58524110387774e-05,1816210.09947681,1.08544625236731e-05,6054033.97879982,3.61815436214434e-05
"73","HUN","EURO C","EURO","High income","Europe & Central Asia",2800418.1877594,1.72924924061243e-05,8486115.67449951,5.24014915858928e-05,1649216.42950439,1.01838634059714e-05,5497388.07821655,3.39462111104889e-05,44760697.0079041,1.73120163070904e-05,135638474.514374,5.24606549859366e-05,26360386.1193848,1.01953603242461e-05,87867953.1771545,3.39845341998347e-05
"74","IDN","SEARO B","SEARO","Lower middle income","East Asia & Pacific",25323520.8284912,1.72002287441974e-05,76737941.9105225,5.21219052908495e-05,14913489.6584473,1.01295326431622e-05,49711632.199585,3.37651088129158e-05,409335423.775879,1.71849388835991e-05,1240410374.93164,5.20755723683805e-05,241065217.246826,1.012052899584e-05,803550724.126953,3.37350966515769e-05
"75","IND","SEARO D","SEARO","Lower middle income","South Asia",71663975.0334473,1.75036699327348e-05,217163559.545654,5.30414237868152e-05,42204165.9501953,1.03082182198946e-05,140680552.665527,3.43607272922218e-05,1158782365.93896,1.74954108530599e-05,3511461700.56494,5.30163963069867e-05,682427288.416504,1.03033547447124e-05,2274757621.89014,3.43445157226301e-05
"76","IRL","EURO A","EURO","High income","Europe & Central Asia",10989275.9737549,1.7827604533383e-05,33300836.2391357,5.40230440157131e-05,6471765.03936768,1.04989716108511e-05,21572550.111084,3.49965720258221e-05,179208377.72937,1.78123791535886e-05,543055689.737061,5.3976906491045e-05,105538790.167114,1.04900059343575e-05,351795967.075195,3.49666864330962e-05
"77","IRN","EMRO E","EMRO","Upper middle income","Middle East & North Africa",12218039.6494141,1.67924629066907e-05,37024362.3300781,5.08862510068028e-05,7195447.2802124,9.88941406198984e-06,23984824.1590576,3.29647134396203e-05,199315865.167603,1.68104326748578e-05,603987467.711182,5.09407048650086e-05,117381049.50354,9.89999580978739e-06,391270163.893677,3.29999859383214e-05
"78","IRQ","EMRO D","EMRO","Upper middle income","Middle East & North Africa",6212708.09860229,1.9457066183109e-05,18826387.4857178,5.89608044632802e-05,3658739.31384277,1.14585028710256e-05,12195797.4089661,3.81950086249016e-05,109793600.872589,1.94877624204398e-05,332707865.621704,5.90538227102276e-05,64658778.434906,1.14765788035092e-05,215529254.508911,3.82552614464143e-05
"79","ISL","EURO A","EURO","High income","Europe & Central Asia",483150.298389435,1.7476807363753e-05,1464091.80493736,5.29600220120835e-05,284535.724689484,1.0292399825659e-05,948452.411916733,3.43079992845845e-05,7760112.14183044,1.74801524110275e-05,23515491.1708374,5.29701584427685e-05,4570066.70756912,1.02943696066263e-05,15233555.6168938,3.43145651864712e-05
"80","ISR","EURO A","EURO","High income","Middle East & North Africa",8853258.19433594,1.86582010342878e-05,26828055.1263428,5.65400031174342e-05,5213809.64663696,1.09880799233177e-05,17379365.4845886,3.66269330689284e-05,143147397.509399,1.86753647678836e-05,433779991.877991,5.65920143731508e-05,84301531.4624023,1.09981870291998e-05,281005104.609436,3.66606233960622e-05
"81","ITA","EURO A","EURO","High income","Europe & Central Asia",29794188.9378662,1.7623760610148e-05,90285420.1164551,5.34053346440357e-05,17546309.5244141,1.03789352991929e-05,58487698.0162354,3.45964507609513e-05,473145961.748291,1.75864779026691e-05,1433775609.31152,5.32923560783916e-05,278643836.951904,1.03569808842129e-05,928812775.639404,3.45232690862295e-05
"82","JAM","AMRO B","PAHO","Upper middle income","Latin America & Caribbean",274971.943283081,1.71543878128664e-05,833248.312075615,5.19829933159559e-05,161936.100218773,1.01025385751882e-05,539787.000285149,3.36751285562536e-05,4399794.60758591,1.71638670580309e-05,13332710.9155064,5.20117182930205e-05,2591120.88120651,1.01081205608183e-05,8637069.596138,3.36937351719728e-05
"83","JOR","EMRO E","EMRO","Upper middle income","Middle East & North Africa",1035474.56683731,1.87615447771491e-05,3137801.53145218,5.68531629473663e-05,609805.238494873,1.10489354430652e-05,2032684.04677582,3.68297834781278e-05,16274657.6555634,1.87163855071789e-05,49317141.9841614,5.6716316928013e-05,9584374.88092804,1.10223427683255e-05,31947915.208046,3.67411413400791e-05
"84","JPN","WPRO A","WPRO","High income","East Asia & Pacific",92846334.2436523,1.85518223528558e-05,281352527.239258,5.6217643339278e-05,54678553.387207,1.09254373608735e-05,182261844.286133,3.6418124468727e-05,1473955256.98633,1.85248524432453e-05,4466531058.73145,5.61359162050465e-05,868033746.140625,1.09095557594403e-05,2893445810.36133,3.63651857377697e-05
"85","KAZ","EURO C","EURO","Upper middle income","Europe & Central Asia",6314894.66323853,1.79179508294232e-05,19136044.4235229,5.42968206645129e-05,3718944.37466431,1.05521732840969e-05,12396481.2451477,3.51739109360188e-05,110864887.845673,1.80481316558798e-05,335954204.292267,5.46913078363776e-05,65290097.5737305,1.06288320832133e-05,217633658.02121,3.54294401865561e-05
"86","KEN","AFRO E","AFRO","Lower middle income","Sub-Saharan Africa",2728509.79660034,1.92560033740927e-05,8268211.30761719,5.83515239865078e-05,1606853.96583557,1.13401042064302e-05,5356179.79957581,3.78003467450677e-05,43981218.5401764,1.92199749057353e-05,133276416.613312,5.82423467984227e-05,25901100.507309,1.13188883415464e-05,86337000.2857361,3.77296271910353e-05
"87","KGZ","EURO B","EURO","Lower middle income","Europe & Central Asia",315875.55927372,1.81026257497215e-05,957198.664451599,5.48564416650755e-05,186024.095374107,1.06609216832159e-05,620080.317838669,3.55364056064627e-05,5221442.93175316,1.81964427036843e-05,15822554.2626667,5.51407352009264e-05,3074988.66335487,1.0716167112915e-05,10249962.1767597,3.5720556923087e-05
"88","KHM","WPRO B","WPRO","Lower middle income","East Asia & Pacific",1328944.82563782,1.79692366799421e-05,4027105.67240143,5.44522342576761e-05,782637.062011719,1.05823735966405e-05,2608790.26813507,3.52745794856293e-05,21852476.5880966,1.8017366668138e-05,66219628.1175308,5.45980825382144e-05,12869273.2333603,1.06107156167466e-05,42897578.3620834,3.53690528123413e-05
"89","KIR","WPRO B","WPRO","Lower middle income","East Asia & Pacific",7282.85609927773,1.87740041961851e-05,22069.2609224319,5.68909218493736e-05,4288.97525420785,1.10562722245374e-05,14296.5841873884,3.68542407669221e-05,120065.264492571,1.88343570704203e-05,363834.13127023,5.70738087465227e-05,70708.0853295922,1.10918118782446e-05,235693.616206825,3.69727060163399e-05
"90","KOR","WPRO B","WPRO","High income","East Asia & Pacific",26794411.0594482,1.55679152082554e-05,81195175.9329834,4.71754954900635e-05,15779877.5700684,9.16832229671684e-06,52599587.9128418,3.05610720681052e-05,428285976.393066,1.5581753601436e-05,1297836105.82275,4.72174283787843e-05,252227962.746338,9.17647129145934e-06,840759794.148926,3.05882346668278e-05
"91","KWT","EMRO E","EMRO","High income","Middle East & North Africa",2643600.72483826,1.51054204593563e-05,8010909.42671204,4.57739871538919e-05,1556885.98680115,8.89597618298825e-06,5189619.14039612,2.96532477016123e-05,42850228.6371155,1.51986022130166e-05,129849147.87796,4.60563597690323e-05,25235600.7945251,8.95084741158784e-06,84118656.2468872,2.98361534034508e-05
"92","LAO","WPRO B","WPRO","Lower middle income","East Asia & Pacific",482073.437467575,1.83745378383647e-05,1460828.56870079,5.56804165629574e-05,283900.277708054,1.08210409438647e-05,946334.246067047,3.60701359866595e-05,7837773.5536232,1.83944831597792e-05,23750828.2928619,5.57408565168225e-05,4615781.98189545,1.08327860398491e-05,15385939.6531124,3.61092861270181e-05
"93","LBN","EMRO E","EMRO","Upper middle income","Middle East & North Africa",1275633.13873291,1.71846814850074e-05,3865554.94927979,5.20747920889603e-05,751243.931091309,1.01203774341627e-05,2504146.42972565,3.37345913202829e-05,21083075.6608276,1.72530435140067e-05,63888107.4073029,5.22819495057706e-05,12416209.4682312,1.01606333762977e-05,41387364.6065063,3.38687776856408e-05
"94","LBR","AFRO D","AFRO","Low income","Sub-Saharan Africa",44806.2450582981,1.94577740443728e-05,135776.501321316,5.89629521473198e-05,26386.9422028065,1.14589195998584e-05,87956.4745132923,3.81963988853101e-05,748565.037038326,1.95026808791461e-05,2268378.90172505,5.9099033009027e-05,440838.964987516,1.14853636328788e-05,1469463.21734238,3.82845454616181e-05
"95","LBY","EMRO E","EMRO","Upper middle income","Middle East & North Africa",1047775.14912415,1.67191651945867e-05,3175076.16937256,5.06641358491476e-05,617055.831642151,9.84625171812494e-06,2056852.75457382,3.28208385763107e-05,17079664.1694946,1.67823528162476e-05,51756557.3295975,5.08556138481352e-05,10058553.170845,9.88346061485247e-06,33528510.2359238,3.29448683884216e-05
"96","LCA","AMRO B","PAHO","Upper middle income","Latin America & Caribbean",34679.3263444901,1.66831421621097e-05,105088.866348267,5.05549755936982e-05,20423.3549852371,9.82503903613363e-06,68077.8493548632,3.27501298338709e-05,563152.866793633,1.67445709373319e-05,1706523.81309128,5.07411232890418e-05,331651.969954491,9.86121223004245e-06,1105506.55525804,3.28707070987655e-05
"97","LKA","SEARO B","SEARO","Upper middle income","South Asia",1882071.06721497,1.7420130917709e-05,5703245.62215424,5.27882751749994e-05,1108385.14674377,1.02590251111903e-05,3694617.14032745,3.41967502276001e-05,30282050.4021759,1.7396982946245e-05,91763788.1968384,5.27181296227064e-05,17833640.5745392,1.02453941138156e-05,59445468.1884918,3.41513134867655e-05
"98","LSO","AFRO E","AFRO","Lower middle income","Sub-Saharan Africa",54546.8193254471,1.82144977677543e-05,165293.391650915,5.51954476995731e-05,32123.4644320011,1.07267990796337e-05,107078.214668512,3.57559968971549e-05,880275.319821358,1.82388560581958e-05,2667500.96060419,5.526926060523e-05,518407.67232132,1.07411428016086e-05,1728025.5707221,3.58038092624e-05
"99","LTU","EURO C","EURO","High income","Europe & Central Asia",880372.674964905,1.6978804983373e-05,2667795.76810074,5.14509193592739e-05,518468.231868744,9.99914437062986e-06,1728227.34444427,3.33304791129616e-05,14153893.3515778,1.70972048845639e-05,42890582.801445,5.18097080117474e-05,8335494.19749451,1.00688657578991e-05,27784979.2918625,3.35628842090564e-05
"100","LUX","EURO A","EURO","High income","Europe & Central Asia",942785.954574585,1.62643081232942e-05,2856927.03949738,4.92857805399783e-05,555227.037807465,9.57840282116143e-06,1850756.7508049,3.19280086799619e-05,15213060.8563461,1.63005121825137e-05,46100182.4023895,4.93954893076488e-05,8959298.63781738,9.59972210533817e-06,29864327.9110184,3.19990727397287e-05
"101","LVA","EURO C","EURO","High income","Europe & Central Asia",526415.285968781,1.76260951416143e-05,1595197.7864151,5.34124084128326e-05,310015.171928406,1.03803100428253e-05,1033383.88454628,3.46010329912335e-05,8609222.35625839,1.76229244123933e-05,26088551.9931068,5.34028000181804e-05,5070118.93819809,1.03784429199644e-05,16900396.1966133,3.4594809192715e-05
"102","MAR","EMRO D","EMRO","Lower middle income","Middle East & North Africa",2135194.03974915,1.75237695185805e-05,6470284.96379852,5.31023318582517e-05,1257453.29634094,1.03200541318315e-05,4191510.98565674,3.44001804336086e-05,34379414.6027527,1.75180243053357e-05,104180044.204147,5.30849221136266e-05,20246638.712204,1.03166709834944e-05,67488795.6886139,3.43889032687693e-05
"103","MDA","EURO C","EURO","Lower middle income","Europe & Central Asia",291668.103557587,1.61595366510328e-05,883842.718881607,4.89682921311419e-05,171769.84245491,9.51670664646773e-06,572566.133108139,3.17223551577828e-05,4807704.64687157,1.61610778400128e-05,14568801.7276344,4.8972962369729e-05,2831363.01055336,9.5176141980063e-06,9437876.59967995,3.17253803165952e-05
"104","MDG","AFRO D","AFRO","Low income","Sub-Saharan Africa",565482.634248734,1.95011750333937e-05,1713583.74995232,5.90944701379511e-05,333019.534254074,1.14844768828794e-05,1110065.1184864,3.82815897588368e-05,9457404.64725876,1.95374550637032e-05,28658801.868248,5.92044090915325e-05,5569578.6830101,1.15058409047359e-05,18565262.2360382,3.83528029317849e-05
"105","MDV","SEARO D","SEARO","Upper middle income","South Asia",95636.1444826126,1.57816683142546e-05,289806.491286278,4.78232358308814e-05,56322.3539180756,9.2941936444752e-06,187741.176593781,3.09806448300637e-05,1580475.84571552,1.57595440927592e-05,4789320.62938118,4.77561930716653e-05,930779.327588081,9.28116547527004e-06,3102597.70813656,3.09372177474408e-05
"106","MEX","AMRO B","PAHO","Upper middle income","Latin America & Caribbean",23735517.5216064,1.75879274707677e-05,71925810.4708252,5.32967497899385e-05,13978255.1920166,1.03578344391891e-05,46594183.8876953,3.45261147459127e-05,377038828.832764,1.75780588496395e-05,1142541903.12866,5.32668448858429e-05,222044693.513428,1.03520231640663e-05,740148977.342041,3.45067438319188e-05
"107","MKD","EURO B","EURO","Upper middle income","Europe & Central Asia",342306.451025009,1.72234180550571e-05,1037292.26925468,5.21921755937009e-05,201590.571302414,1.01431880043834e-05,671968.568119049,3.38106265360446e-05,5539221.54391479,1.72358659777742e-05,16785519.6563416,5.22298963618502e-05,3262149.33813858,1.01505181451732e-05,10873831.0508881,3.38350602466802e-05
"108","MLI","AFRO D","AFRO","Low income","Sub-Saharan Africa",476960.261806488,2.04044348210501e-05,1445334.05847359,6.18316177569081e-05,280886.630315781,1.20163741109468e-05,936288.737831116,4.00545790934819e-05,8011257.10853004,2.04287124952694e-05,24276535.2742214,6.19051857629538e-05,4717908.36872864,1.2030670385196e-05,15726360.6074619,4.01022330321538e-05
"109","MLT","EURO A","EURO","High income","Middle East & North Africa",242701.937768936,1.71068175961998e-05,735460.381216049,5.18388380815179e-05,142931.70975399,1.00745263112662e-05,476439.016593933,3.35817530012619e-05,3908354.8526268,1.71972068389545e-05,11843499.0435963,5.21127457535733e-05,2301702.47377014,1.01277532403576e-05,7672341.35540009,3.37591764829648e-05
"110","MMR","SEARO D","SEARO","Lower middle income","East Asia & Pacific",19355.5727881193,1.73906327573041e-05,58653.2544596195,5.26988903633086e-05,11398.8428387642,1.02416545697953e-05,37996.1443681717,3.41388499775786e-05,318566.236626625,1.75002730078852e-05,965352.283917785,5.30311331679107e-05,187609.245192885,1.03062177726224e-05,625364.17331183,3.43540604873779e-05
"111","MNE","EURO B","EURO","Upper middle income","Europe & Central Asia",114345.979464054,1.77073327525339e-05,346502.96780014,5.36585840566797e-05,67340.2821798325,1.04281478991787e-05,224467.607141972,3.47604929781804e-05,1851630.95437145,1.77112740028756e-05,5611002.85639572,5.36705269405463e-05,1090456.78147793,1.0430468771033e-05,3634855.92260075,3.47682290869946e-05
"112","MNG","WPRO B","WPRO","Lower middle income","East Asia & Pacific",335660.638011932,1.76338693425293e-05,1017153.44776917,5.34359676765904e-05,197676.306745529,1.03848879468145e-05,658921.022109985,3.4616293143895e-05,5625709.34386253,1.77393429081762e-05,17047604.0083046,5.37555843684028e-05,3313074.89419746,1.04469975315658e-05,11043582.9520531,3.48233250150197e-05
"113","MOZ","AFRO E","AFRO","Low income","Sub-Saharan Africa",278472.172633171,2.03500978443354e-05,843855.050280571,6.16669618259992e-05,163995.058817863,1.1984376964029e-05,546650.188046455,3.99479226274216e-05,4427856.96478844,2.03275749456847e-05,13417748.0349007,6.1598710380833e-05,2607609.65675926,1.19711140509702e-05,8692032.0388813,3.99037128131565e-05
"114","MRT","AFRO D","AFRO","Lower middle income","Sub-Saharan Africa",162919.68505621,1.94138071062079e-05,493696.011053085,5.88297179954084e-05,95945.4005355835,1.14330290962744e-05,319817.999914646,3.81100967648558e-05,2603084.75329113,1.94206872940764e-05,7888135.51949215,5.88505668375451e-05,1532988.49203587,1.14370805989338e-05,5109961.59788418,3.81236016813429e-05
"115","MUS","AFRO D","AFRO","Upper middle income","Sub-Saharan Africa",243778.38364315,1.62374225778981e-05,738722.345989227,4.92043096855017e-05,143566.391663551,9.56257087352496e-06,478554.626310349,3.18752357402942e-05,3900508.32917976,1.62285915184214e-05,11819721.7695065,4.91775482246054e-05,2297094.21300316,9.5573706081528e-06,7656980.51721382,3.18579012250193e-05
"116","MWI","AFRO E","AFRO","Low income","Sub-Saharan Africa",297834.818353653,1.96321040032405e-05,902529.752093315,5.94912243560052e-05,175398.436231613,1.15615762386682e-05,584661.453888893,3.85385875084305e-05,4993863.24265862,1.96625537161883e-05,15132918.7967701,5.95834956356951e-05,2940944.2539444,1.15795069988163e-05,9803147.46046638,3.85983564552956e-05
"117","MYS","WPRO B","WPRO","Upper middle income","East Asia & Pacific",7347711.04165649,1.6722617761182e-05,22265790.9324951,5.06745990353451e-05,4327214.4291687,9.84828477706779e-06,14424048.0503235,3.28276158131963e-05,119246248.448547,1.67527508033466e-05,361352266.595276,5.07659113243059e-05,70226493.7595215,9.86602903699455e-06,234088311.869385,3.28867633635953e-05
"118","NAM","AFRO E","AFRO","Upper middle income","Sub-Saharan Africa",239453.995201111,1.89930356843547e-05,725618.159104347,5.75546529410566e-05,141017.650933266,1.118525199302e-05,470058.832837105,3.7284173024078e-05,3838353.42816162,1.90091115230926e-05,11631373.8093777,5.76033671852713e-05,2260457.3625145,1.11947184909999e-05,7534857.78026962,3.73157278339498e-05
"119","NER","AFRO D","AFRO","Low income","Sub-Saharan Africa",376766.061306,2.1110014855531e-05,1141715.32714081,6.39697414193369e-05,221880.690380096,1.24318646442798e-05,739602.296800613,4.14395485647181e-05,6167354.85159874,2.11493443888766e-05,18688953.8124256,6.40889214189346e-05,3632006.44742775,1.24550244031049e-05,12106688.0340214,4.15167475848799e-05
"120","NGA","AFRO D","AFRO","Lower middle income","Sub-Saharan Africa",15261520.3744507,2.00441614065666e-05,46247030.9516602,6.07398824145303e-05,8987673.29608154,1.1804222006623e-05,29958910.7734375,3.93474064095303e-05,257461478.029724,2.00803644316904e-05,780186283.772583,6.08495881506241e-05,151621809.039978,1.18255406774423e-05,505406024.314941,3.94184684710157e-05
"121","NIC","AMRO D","PAHO","Lower middle income","Latin America & Caribbean",274957.541157722,1.79694562667735e-05,833204.664913177,5.44528974347669e-05,161926.93624115,1.05825029903614e-05,539756.451863289,3.52750098195036e-05,4422941.14159775,1.79702672071245e-05,13402851.8324108,5.4455354718764e-05,2604741.45658302,1.05829805285093e-05,8682471.47327423,3.52766015639563e-05
"122","NLD","EURO A","EURO","High income","Europe & Central Asia",14934309.5817261,1.737201827173e-05,45255482.4747314,5.26424783237145e-05,8795082.94415283,1.02306933483537e-05,29316942.6615601,3.41023105959615e-05,238583376.911987,1.7384224971791e-05,722979906.377197,5.26794678875807e-05,140506023.873047,1.02378814505671e-05,468353402.537476,3.41262707460915e-05
"123","NOR","EURO A","EURO","High income","Europe & Central Asia",7672227.97836304,1.74503479569019e-05,23249175.5749512,5.28798420275183e-05,4518310.87817383,1.02768188337492e-05,15061036.2088623,3.42560626615873e-05,121519427.045837,1.74278123832492e-05,368240684.655518,5.28115521943241e-05,71564950.3453369,1.02635484560393e-05,238549833.00293,3.42118279743231e-05
"124","NPL","SEARO D","SEARO","Low income","South Asia",586206.096908569,1.7650614306876e-05,1776382.34840584,5.3486714938723e-05,345226.825410843,1.03947482572445e-05,1150756.18842506,3.4649163014264e-05,9593046.7747345,1.76967695593635e-05,29069842.6336937,5.36265816581173e-05,5649507.72603607,1.04219273291588e-05,18831694.1397743,3.47397609361939e-05
"125","NZL","WPRO A","WPRO","High income","East Asia & Pacific",4024376.94813538,1.75159914707405e-05,12195081.521347,5.30787614251089e-05,2370026.0211792,1.03154739443058e-05,7900086.67578125,3.43849128802924e-05,64221461.1622009,1.75229003585265e-05,194610485.567078,5.30996972912769e-05,37821141.1566162,1.03195423451876e-05,126070469.289429,3.43984741476353e-05
"126","OMN","EMRO E","EMRO","High income","Middle East & North Africa",3537386.43600464,1.53622893205096e-05,10719350.6963654,4.65523825912336e-05,2083255.43762207,9.04723679286006e-06,6944183.85400391,3.01574519043442e-05,56209279.4618835,1.52976103080392e-05,170331111.137726,4.6356384327737e-05,33103066.6433105,9.00914970550038e-06,110343538.491913,3.00304943955751e-05
"127","PAK","EMRO D","EMRO","Lower middle income","South Asia",14642492.5380249,1.855435933253e-05,44371189.9416504,5.62253318604121e-05,8623176.17095947,1.09269312690757e-05,28743920.7589722,3.64231044706184e-05,241337621.866333,1.85653283509017e-05,731326130.845337,5.62585710662968e-05,142127218.081177,1.09333905375876e-05,473757395.349609,3.6444635259582e-05
"128","PAN","AMRO B","PAHO","High income","Latin America & Caribbean",1787035.71685791,1.770736245673e-05,5415259.74826813,5.36586741134036e-05,1052415.57372284,1.04281653892606e-05,3508051.91236877,3.47605512971243e-05,28555200.7341003,1.76755522693805e-05,86530911.2770233,5.35622795803938e-05,16816643.6400146,1.04094335186955e-05,56055478.780426,3.46981117168387e-05
"129","PER","AMRO D","PAHO","Upper middle income","Latin America & Caribbean",5020588.28683472,1.73722993336376e-05,15213903.8869934,5.26433312709948e-05,2956714.53482056,1.02308588061786e-05,9855715.11053467,3.41028626682092e-05,80752165.5231934,1.73682128277199e-05,244703531.507477,5.26309478808444e-05,47556400.3289795,1.02284524121738e-05,158521334.258942,3.4094841337136e-05
"130","PHL","WPRO B","WPRO","Lower middle income","East Asia & Pacific",10398098.6882324,1.81730027691907e-05,31509389.5548096,5.50697046242822e-05,6123601.86431885,1.07023641979891e-05,20412006.0360718,3.56745470067322e-05,170318083.479614,1.81542867114723e-05,516115397.895447,5.50129893325216e-05,100302979.458862,1.06913429854855e-05,334343262.000366,3.56378096465021e-05
"131","PNG","WPRO B","WPRO","Lower middle income","East Asia & Pacific",671373.551044464,1.84597753275488e-05,2034465.33400726,5.59387138799723e-05,395381.792514801,1.08712341522528e-05,1317939.32058334,3.62374475102886e-05,11126272.3823357,1.85274286712062e-05,33715977.0964737,5.61437235463227e-05,6552423.97263718,1.09110727838439e-05,21841413.3212051,3.63702427444988e-05
"132","POL","EURO B","EURO","High income","Europe & Central Asia",11131277.0737915,1.699963780821e-05,33731141.5230103,5.15140523133831e-05,6555424.08374023,1.00114119425495e-05,21851413.1190796,3.33713724178221e-05,180821176.8573,1.70223617674723e-05,547942946.007324,5.15829131132804e-05,106489037.070679,1.00247932503912e-05,354963450.675049,3.34159769150792e-05
"133","PRK","SEARO D","SEARO","Low income","East Asia & Pacific",452801.264640808,1.76536634670237e-05,1372125.22387314,5.34959568956031e-05,266662.391878128,1.03965437160025e-05,888874.718296051,3.4655148787095e-05,7459220.95601273,1.77530566458089e-05,22603702.3542976,5.37971472714429e-05,4392860.32806015,1.04550728153876e-05,14642868.8507996,3.48502453136008e-05
"134","PRT","EURO A","EURO","High income","Europe & Central Asia",3408986.9430542,1.74785351049222e-05,10330263.313797,5.29652571229196e-05,2007612.4642334,1.02934172481177e-05,6692041.48153687,3.43113904883998e-05,54655960.2981873,1.74822210247934e-05,165624118.567261,5.29764262128512e-05,32187857.336792,1.02955877676708e-05,107292856.232147,3.43186253941639e-05
"135","PRY","AMRO B","PAHO","Upper middle income","Latin America & Caribbean",941436.622982025,1.79664796226431e-05,2852838.24505234,5.44438775222815e-05,554427.23828125,1.05807501436191e-05,1848090.79151535,3.52691670929124e-05,15349330.917305,1.79779387321772e-05,46513123.8279114,5.44786020267249e-05,9039468.47605133,1.05874980029704e-05,30131561.5148087,3.5291659925537e-05
"136","QAT","EMRO E","EMRO","High income","Middle East & North Africa",1793036.77804565,1.37527425890869e-05,5433442.68055725,4.16749556628748e-05,1055977.20890045,8.09943328927211e-06,3519923.10847473,2.69981013724444e-05,28819967.0581055,1.38087818994656e-05,87333199.5875702,4.18447773814539e-05,16972998.86586,8.13243259598456e-06,56576648.0153503,2.71081015280718e-05
"137","ROU","EURO B","EURO","Upper middle income","Europe & Central Asia",4042312.52830505,1.73902447426844e-05,12249431.8578491,5.26977110596185e-05,2380589.7505188,1.02414262193339e-05,7935299.14805603,3.41380872753745e-05,63965695.6697083,1.73724059695833e-05,193835439.984558,5.26436540625198e-05,37670546.0098267,1.02309216139501e-05,125568486.071075,3.41030718758481e-05
"138","RUS","EURO C","EURO","Upper middle income","Europe & Central Asia",30813183.8763428,1.70298024897942e-05,93373281.4034424,5.16054609783569e-05,18146480.3103027,1.00291748142775e-05,60488266.3511963,3.34305822263836e-05,506556393.101074,1.70537835363259e-05,1535019341.39111,5.16781308629824e-05,298320661.871826,1.0043296385681e-05,994402192.337158,3.34776541509015e-05
"139","RWA","AFRO E","AFRO","Low income","Sub-Saharan Africa",356533.034288406,1.92198364823389e-05,1080403.12975693,5.82419284948743e-05,209966.850133896,1.13188067832592e-05,699889.498504639,3.77293558397053e-05,5964787.60072136,1.92459800724658e-05,18075113.800972,5.83211512810596e-05,3512739.084198,1.13342018089748e-05,11709130.2190094,3.77806724976609e-05
"140","SAU","EMRO E","EMRO","High income","Middle East & North Africa",11553203.3343506,1.66815997602664e-05,35009706.9433594,5.05503021151988e-05,6803914.60656738,9.82413075284644e-06,22679715.298584,3.27471024275634e-05,183926143.688721,1.66545363162898e-05,557351948.417847,5.04682916724968e-05,108317834.678345,9.80819406731789e-06,361059447.993896,3.26939801398264e-05
"141","SDN","EMRO D","EMRO","Lower middle income","Sub-Saharan Africa",2035252.64990997,1.95077334084902e-05,6167432.2171402,5.91143431324081e-05,1198584.77169037,1.14883389069833e-05,3995282.54833984,3.82944627938353e-05,32713489.1313477,1.94948987129556e-05,99131784.246109,5.90754500491536e-05,19265368.375,1.14807810206496e-05,64217894.1484528,3.82692698096742e-05
"142","SEN","AFRO D","AFRO","Lower middle income","Sub-Saharan Africa",635009.075208664,2.01794039812008e-05,1924269.86957169,6.11497072802891e-05,373963.468204498,1.18838615225743e-05,1246544.86979485,3.96128709738892e-05,10158583.27211,2.01884718322501e-05,30783584.4869118,6.1177185013184e-05,5982495.46613693,1.18892012763491e-05,19941651.0345612,3.96306698892845e-05
"143","SGP","WPRO A","WPRO","High income","East Asia & Pacific",4627853.78665161,1.44113607928993e-05,14023795.0817261,4.36707769649e-05,2725477.65707397,8.48726945010773e-06,9084923.65103149,2.82908923296248e-05,75804978.2667236,1.45723405125587e-05,229711985.103516,4.41585941092957e-05,44643701.567749,8.58206460659151e-06,148812307.762146,2.8606876101719e-05
"144","SLB","WPRO B","WPRO","Lower middle income","East Asia & Pacific",71082.3437657356,1.94233200206662e-05,215401.036391258,5.8858544069517e-05,41861.2623877525,1.14386309456504e-05,139537.538956404,3.81287691835038e-05,1181833.88870144,1.94401312271943e-05,3581314.67944145,5.89094863498259e-05,695996.397827625,1.14485304887391e-05,2319987.93365526,3.81617673235965e-05
"145","SLE","AFRO D","AFRO","Low income","Sub-Saharan Africa",90596.5315752029,1.9685756038233e-05,274534.937144756,5.96538046520545e-05,53353.3481674194,1.15931700518702e-05,177844.490803242,3.86438995025372e-05,1444991.26926231,1.96737129586552e-05,4378761.28593016,5.96173101432238e-05,850972.160984039,1.15860783294237e-05,2836573.81020069,3.86202602846293e-05
"146","SLV","AMRO B","PAHO","Lower middle income","Latin America & Caribbean",442168.2397995,1.80048947517891e-05,1339903.8014164,5.45602889362427e-05,260399.968904495,1.06033713519485e-05,867999.915826797,3.53445719661825e-05,7240131.57954407,1.80576976639445e-05,21939793.2473106,5.47202974029839e-05,4263828.53481674,1.06344650959325e-05,14212762.0377617,3.54482176225381e-05
"147","SOM","EMRO D","EMRO","Low income","Sub-Saharan Africa",393267.181661606,2.05579977055083e-05,1191718.66577339,6.22969592736741e-05,231598.809919357,1.2106801775057e-05,771996.003910065,4.03560043962187e-05,6614346.15053749,2.05962818799531e-05,20043471.7270737,6.24129708588253e-05,3895251.25942039,1.21293459861857e-05,12984170.2264309,4.04311512996842e-05
"148","SRB","EURO B","EURO","Upper middle income","Europe & Central Asia",983759.746448517,1.7466724172488e-05,2981090.13626099,5.29294671095692e-05,579353.48002243,1.0286462189066e-05,1931178.26472092,3.42882072609993e-05,15695207.6572266,1.74635220702646e-05,47561235.2312775,5.29197637450837e-05,9243184.99780273,1.02845765875767e-05,30810616.6173401,3.42819219118543e-05
"149","SSD",NA,"EMRO","Low income","Sub-Saharan Africa",250154.842905045,1.96509976042768e-05,758044.975967407,5.95484773909755e-05,147319.108658791,1.15727020104061e-05,491063.694429398,3.85756732821444e-05,4169134.29501343,1.96722679418633e-05,12633740.1606293,5.96129325565363e-05,2455251.66941833,1.15852273608157e-05,8184172.17567253,3.86174242731257e-05
"150","SUR","AMRO B","PAHO","Upper middle income","Latin America & Caribbean",82892.8550534248,1.74243455434052e-05,251190.468761921,5.28010469138763e-05,48817.0842280388,1.02615069472701e-05,162723.613613129,3.42050230753699e-05,1348816.7314806,1.74359583556733e-05,4087323.39203501,5.28362369670951e-05,794342.111631393,1.02683453246901e-05,2647807.02267885,3.4227817540942e-05
"151","SVK","EURO B","EURO","High income","Europe & Central Asia",1904383.82054138,1.66724567748779e-05,5770859.88191986,5.05225944926594e-05,1121530.15068817,9.81874684187846e-06,3738433.7567215,3.27291553544245e-05,30954216.1374359,1.67316694568629e-05,93800652.3926849,5.0702027268409e-05,18229557.4520874,9.85361503838372e-06,60765190.3813477,3.28453828528534e-05
"152","SVN","EURO A","EURO","High income","Europe & Central Asia",817035.161312103,1.73769795546265e-05,2475864.06997299,5.26575126270691e-05,481166.657409668,1.02336148638307e-05,1603888.83385849,3.41120490317504e-05,13162295.1767273,1.7407626459547e-05,39885742.0462341,5.27503820025503e-05,7751510.40532684,1.0251661721719e-05,25838367.6178818,3.41722052102144e-05
"153","SWE","EURO A","EURO","High income","Europe & Central Asia",10511308.196228,1.80536662397612e-05,31852448.9828491,5.47080793485534e-05,6190276.58453369,1.06320911995932e-05,20634255.2382202,3.54403039238687e-05,168004379.197388,1.80495563298683e-05,509104177.291931,5.46956250170463e-05,98940453.0968018,1.06296710240823e-05,329801509.391418,3.54322366468918e-05
"154","SWZ","AFRO E","AFRO","Lower middle income","Sub-Saharan Africa",117456.468886852,1.95187792614386e-05,355928.676512718,5.91478131093307e-05,69171.5249023438,1.14948435020897e-05,230571.74219656,3.83161437662781e-05,1907931.28357029,1.95119128958973e-05,5781609.60378075,5.91270052325745e-05,1123603.67967606,1.14908001751108e-05,3745345.44719315,3.83026656986967e-05
"155","SYC","AFRO D","AFRO","High income","Sub-Saharan Africa",76737.7510614395,1.67750241341539e-05,232538.627198696,5.08334031219288e-05,45192.3717060089,9.87914512071599e-06,150641.233589172,3.29304822692476e-05,1230800.0476675,1.67872100435765e-05,3729696.83980274,5.08703297235705e-05,724842.561703682,9.8863209787029e-06,2416141.75206089,3.29544016217477e-05
"156","SYR","EMRO E","EMRO","Low income","Middle East & North Africa",449381.99190712,1.83723875762924e-05,1361763.71590233,5.567390765514e-05,264647.741680145,1.08197744560988e-05,882159.184555054,3.60659174435479e-05,7181595.90637779,1.83319967196481e-05,21762413.7206078,5.55515100179211e-05,4229350.31043625,1.07959897810883e-05,14097835.1936855,3.59866347109934e-05
"157","TCD","AFRO D","AFRO","Low income","Sub-Saharan Africa",298615.713622093,2.03681475498165e-05,904896.061031342,6.17216564601259e-05,175857.780859947,1.19950058411738e-05,586192.584958076,3.99833515845168e-05,4995164.62932396,2.03653297521418e-05,15136861.6952171,6.17131171265084e-05,2941702.45560455,1.19933465634705e-05,9805674.49355698,3.99778204167979e-05
"158","TGO","AFRO D","AFRO","Low income","Sub-Saharan Africa",161533.59155798,1.94332148731051e-05,489495.729224682,5.88885295860724e-05,95129.1052207947,1.14444576235732e-05,317097.016184807,3.81481919323581e-05,2633916.33987522,1.94251577818777e-05,7981564.61380959,5.88641141035056e-05,1551145.55997849,1.14397130953174e-05,5170485.17692757,3.81323768147609e-05
"159","THA","SEARO B","SEARO","Upper middle income","East Asia & Pacific",8291206.89578247,1.59959702080173e-05,25124867.9737854,4.84726342778824e-05,4882879.10913086,9.42038834548067e-06,16276263.0816345,3.14012932971318e-05,133010052.904724,1.59944363275952e-05,403060734.55072,4.84679850442813e-05,78332627.1392822,9.4194851426001e-06,261108743.194336,3.13982821327926e-05
"160","TJK","EURO B","EURO","Low income","Europe & Central Asia",226048.118784904,1.86133942711007e-05,684994.299282074,5.64042250582523e-05,133122.978157997,1.09616948355472e-05,443743.260509491,3.65389827836125e-05,4274328.1046114,1.87759178716616e-05,12952509.3207483,5.68967204403258e-05,2517211.26020241,1.10573991351277e-05,8390704.16247082,3.68579969492736e-05
"161","TKM","EURO B","EURO","Upper middle income","Europe & Central Asia",1218415.99085236,1.76830140823991e-05,3692169.66532898,5.35848911029466e-05,717545.885540009,1.04138275121897e-05,2391819.61673355,3.47127583492708e-05,19693739.4009857,1.75996109461089e-05,59677997.7492905,5.33321539929436e-05,11597982.7920914,1.03647144274823e-05,38659942.4490662,3.45490479207046e-05
"162","TLS","SEARO B","SEARO","Lower middle income","East Asia & Pacific",134464.259780884,1.89460526732455e-05,407467.451323509,5.74122804724821e-05,79187.8117923737,1.11575853810638e-05,263959.371516228,3.71919511138459e-05,2220569.08960438,1.89815321261547e-05,6728997.12779427,5.7519793352066e-05,1307722.81682968,1.11784779748423e-05,4359076.0063715,3.72615928244016e-05
"163","TON","WPRO B","WPRO","Upper middle income","East Asia & Pacific",21575.8109827042,1.82666718811639e-05,65381.2457375526,5.53535506375977e-05,12706.3261147738,1.0757522550254e-05,42354.420529604,3.58584082736604e-05,352633.514641523,1.83262130252302e-05,1068586.40602171,5.55339787612834e-05,207671.212873101,1.0792584165431e-05,692237.375371337,3.59752805061018e-05
"164","TTO","AMRO B","PAHO","High income","Latin America & Caribbean",1039184.32340622,1.66037200990517e-05,3149043.14971924,5.03142992633297e-05,611996.903778076,9.77827038322361e-06,2039989.56768417,3.25942328279576e-05,16644810.6688995,1.65987793126503e-05,50438815.5288239,5.02993265834352e-05,9802469.7641449,9.77536095607182e-06,32674897.1619644,3.25845344740619e-05
"165","TUN","EMRO E","EMRO","Lower middle income","Middle East & North Africa",600205.449127197,1.71448316466412e-05,1818804.38512421,5.19540350771835e-05,353472.140945435,1.0096911299376e-05,1178240.46708679,3.36563709026643e-05,9700987.90257263,1.71414196532593e-05,29396932.9128342,5.19436956976276e-05,5713092.9135437,1.00949020999339e-05,19043642.9898148,3.3649673568678e-05
"166","TUR","EURO B","EURO","Upper middle income","Europe & Central Asia",14087168.6266479,1.73096362277111e-05,42688389.7753906,5.24534431114207e-05,8296189.14068604,1.01939587639814e-05,27653963.7984619,3.39798625419079e-05,224888140.190796,1.72968285513291e-05,681479212.242798,5.24146319386072e-05,132440714.178101,1.01864167866329e-05,441469047.01709,3.3954722603401e-05
"167","TZA","AFRO E","AFRO","Low income","Sub-Saharan Africa",1567480.66339874,2.00150760737788e-05,4749941.35651398,6.06517450695996e-05,923106.30960083,1.17870947017962e-05,3077021.0111084,3.92903154062268e-05,25098366.4404144,2.00050761986477e-05,76055654.9944534,6.06214423203306e-05,14780699.9524612,1.17812061402612e-05,49268999.4525833,3.92706868241815e-05
"168","UGA","AFRO E","AFRO","Low income","Sub-Saharan Africa",809320.439769745,1.99302952010386e-05,2452486.13233566,6.03948327421325e-05,476617.720333099,1.17371703279089e-05,1588725.71307373,3.91239005671897e-05,13518839.3077126,1.99120095964409e-05,40966178.8908539,6.03394217977595e-05,7961393.93089676,1.17264025960145e-05,26537979.4062119,3.90880081180619e-05
"169","UKR","EURO C","EURO","Lower middle income","Europe & Central Asia",2730716.12014771,1.71304702381774e-05,8274897.29830933,5.19105156761717e-05,1608170.02130127,1.00884543829527e-05,5360566.72198486,3.36281811906168e-05,43968769.8322144,1.71356720744736e-05,133238696.03537,5.19262788475786e-05,25894030.3444519,1.00915175558063e-05,86313434.2937317,3.36383917795074e-05
"170","URY","AMRO B","PAHO","High income","Latin America & Caribbean",1128835.05897903,1.76271422263931e-05,3420712.2917366,5.34155823762865e-05,664790.340797424,1.03809265943863e-05,2215967.79916,3.46030885933716e-05,18251097.1627579,1.76506311133793e-05,55306354.9215469,5.34867608363739e-05,10748383.0718079,1.03947583520016e-05,35827943.5228653,3.46491944584839e-05
"171","USA","AMRO A","PAHO","High income","North America",377396422.535156,1.73638591106026e-05,1143625507.83398,5.26177541906511e-05,222255535.746094,1.02258886892812e-05,740851779.234375,3.40862953279943e-05,6062092675.51562,1.73893626089818e-05,18369977542.5469,5.26950374573462e-05,3570074843.35156,1.02409067817433e-05,11900249362.7305,3.4136355608952e-05
"172","UZB","EURO B","EURO","Lower middle income","Europe & Central Asia",2415236.77830505,1.77838142225657e-05,7318899.64352417,5.38903484490823e-05,1422373.24221802,1.04731849846443e-05,4741244.27893066,3.49106176323416e-05,39560984.3756714,1.77792927347738e-05,119881776.060562,5.38766469991096e-05,23298124.4488831,1.04705224423742e-05,77660417.1202545,3.49017425040302e-05
"173","VCT","AMRO B","PAHO","Upper middle income","Latin America & Caribbean",18798.7637135983,1.71538445036077e-05,56965.9502382278,5.19813466077225e-05,11070.9422158003,1.01022186516061e-05,36903.140540123,3.36740620086396e-05,304448.409044147,1.71974999135987e-05,922570.926483631,5.21136355361616e-05,179295.298652172,1.01279257551721e-05,597650.991113901,3.3759752269072e-05
"174","VEN","AMRO B","PAHO","Upper middle income","Latin America & Caribbean",7470345.32852173,1.80316608878552e-05,22637409.6901245,5.46413959607599e-05,4399404.17453003,1.06191330610368e-05,14664680.4082947,3.53971099116567e-05,116936416.88678,1.79835214191234e-05,354352774.463135,5.44955188395551e-05,68865739.6478882,1.05907854625019e-05,229552463.755371,3.53026179411177e-05
"175","VNM","WPRO B","WPRO","Lower middle income","East Asia & Pacific",7387020.5652771,1.76713907804531e-05,22384911.8791199,5.35496716032441e-05,4350342.14379883,1.04069828658765e-05,14501140.9505005,3.46899440131076e-05,120981575.946289,1.7726176468676e-05,366610850.164368,5.37156883146408e-05,71248089.932312,1.04392442015879e-05,237493639.228638,3.47974815687961e-05
"176","VUT","WPRO B","WPRO","Lower middle income","East Asia & Pacific",22769.4704374075,1.89436039315957e-05,68998.3950506449,5.74048602562333e-05,13409.252129674,1.11561433969556e-05,44697.5070047379,3.71871445942524e-05,379420.258652449,1.8955741265473e-05,1149758.34340358,5.74416393915883e-05,223445.687019229,1.1163290661035e-05,744818.94965291,3.7210968516509e-05
"177","WSM","WPRO B","WPRO","Upper middle income","East Asia & Pacific",38467.7062027454,1.85713782242977e-05,116568.807659507,5.62769041861418e-05,22654.1882305145,1.09369530830431e-05,75513.9611996412,3.64565104853796e-05,626509.596419811,1.85824511383027e-05,1898513.92897463,5.6310458007603e-05,368960.539192915,1.09434735408585e-05,1229868.4641552,3.64782451414988e-05
"178","YEM","EMRO D","EMRO","Low income","Middle East & North Africa",638194.658294678,1.89439044854464e-05,1933923.28641891,5.74057735232044e-05,375841.422977448,1.11563202838413e-05,1252804.77808571,3.71877353116762e-05,10563386.2946167,1.89203964679458e-05,32010263.001606,5.73345374430025e-05,6220920.98548889,1.11424772472059e-05,20736403.9437828,3.71415920040517e-05
"179","ZAF","AFRO E","AFRO","Upper middle income","Sub-Saharan Africa",6626485.90594482,1.77833251426254e-05,20080260.2149963,5.38888637841463e-05,3902448.18380737,1.04728970847319e-05,13008160.5667419,3.49096568258738e-05,105945433.136902,1.77745866018323e-05,321046764.893677,5.38623832748589e-05,62393037.1951904,1.04677512766803e-05,207976789.700684,3.48925040962267e-05
"180","ZMB","AFRO E","AFRO","Lower middle income","Sub-Saharan Africa",1082793.82204437,1.96449266032789e-05,3281193.29701233,5.95300775483076e-05,637670.058418274,1.15691271303988e-05,2125566.81613922,3.85637557561099e-05,18139280.8298645,1.96659602980043e-05,54967515.0519104,5.95938162504812e-05,10682433.7822495,1.15815131050786e-05,35608111.4614105,3.86050424410481e-05
"181","ZWE","AFRO E","AFRO","Lower middle income","Sub-Saharan Africa",1069868.78698349,2.01879740363923e-05,3242026.44799805,6.11756755492008e-05,630056.864162445,1.18889081825497e-05,2100189.46855545,3.96296924721275e-05,19779615.5422325,2.02784603349029e-05,59938223.5119095,6.14498742625012e-05,11648417.592205,1.19421923850626e-05,38828056.2705994,3.98073055203508e-05
